Bar Prague|barprague
Barbican Centre|BarbicanCentre
Bernie Grant Arts Centre|BernieGrantArts
Bottega Prelibato|BPrelibato
Copeland Park & Bussey Building|IanStGraham
Institute Of Contemporary Arts|ICALondon
Village Underground|VUndergroundNYC
Asda|Georgeatasda
Asda Barking Superstore|AsdaBarking
Asda Harlow Superstore|AsdaHarlow
Asda Old Kent Road Superstore|AsdaOldKentRoad
BB's Coffee & Muffins|BBs_Coffee
Belle Epoque Patisserie|BelleEpoqueCake
Ben's Cookies|
Crepeaffaire|Crepeaffaire
Franze & Evans|franzeandevans
GAIL's Artisan Bakery|
GAIL's Artisan Bakery|
Krispy Kreme|krispykremeUK
Le Pain Quotidien|LePainQuotidien
Le Pont de la Tour|lepontdelatour
Lilys Indulgence|
Lyric Hammersmith|LyricHammer
Maison Fraise Patisserie|lemaisonfraise
Only Eggless Cakes / Eggfree Cakes|onlyeggless
Ottolenghi|ottolenghi
Patisserie Valerie|valeriecafe
Patisserie Valerie|valeriecafe
Patisserie Valerie|valeriecafe
Patisserie Valerie|valeriecafe
Patisserie Valerie|valeriecafe
PAUL Fleet Street|
PAUL Gloucester Road|PGloucester15
PAUL Holland Park|PaulPEholland
Paul Rhodes Bakery, Inc|PaulRhodesLDN
PAUL Richmond|
Peggy Porschen Cakes Ltd|peggyporschen
Pooja Sweets & Savouries kingsbury ltd|poojasweets
R Chocolate London|RChocolateLDN
Seoul Bakery|SeoulFoodBakery
The Good Food Co.|thegoodfoodcouk
The Hummingbird Bakery|
The Hummingbird Bakery|
The Hummingbird Bakery - Spitalfields|HBBSpitalfields
The Pantry|thestreetpantry
Uppercrust|UpperCrust
Violet|
2 Veneti|2Veneti
333 Mother Bar|333mother
54 Boutique Hotel|54BoutiqueHotel
Academy|royalacademy
Albion - Flaming Grill|Albion_London
Amba Hotel Charing Cross|CharingCrossLDN
Amba Hotel Marble Arch|amba_hotels
Angel|
Angerstein Hotel|AngersteinHotel
Apex City of London Hotel|PeakCity
Apex London Wall Hotel|ApexLondon
Apex Temple Court Hotel|BodyTempleFit
Artigiano|artigiano_NOS
ASPACE - Chiswick|aspaceforkids
Asteras Restaurant|
Avenue Bar & Lounge|AvenueBarLounge
Bakers Arms|
Balfour Restaurant|BBalfour_Oatts
Bar 101|
Barrio Shoreditch|
Barts|BartsLondon
Bavarian Beerhouse Old Street|BavarianBeerUK
Beach Blanket Babylon Notting Hill|Beach_Blanket
Beaconsfield Hotel|ChequersWooburn
Beefeater Red House|redlionbispham
Bengal Lancer|
Best Western London Highbury|
Best Western PREMIER Shaftesbury Kensington Hotel|
Big Chill Bar|BigChillBar
Big Chill House|BigChillHouse
Bingham|laurabingham93
Black Horse|
blagclub Notting Hill Gate|
Blue Ginger|blueginger007
Blue Room|BlueRoomForums
Blueberry Bar|BlueberryLDN
Boisdale of Canary Wharf|boisdaleCW
Boulevard Brasserie|BoulevardWC2
Breakspear Arms|
Brewers Fayre Rising Sun|
Brewers Fayre Royal Forest|
Brook Green Hotel|BrookGreenHotel
Côte Brasserie|
Callooh Callay|Callooh_callay
Carnaby Zebrano|CarnabyLondon
Carpenters Arms|CarpentersArms1
Cart & Horses|cartnhorsesE15
Catcher in the Rye|
Century|britishlibrary
Chamberlain Hotel London|ChamberlainEC3
Champers Bar|ChampersBar
Charlotte's Bistro|PewterRoseCLT
Chinese Overseas Restaurant & Take Away|ChineseOverseas
Circle Lounge|CircleLoungeHX1
Clayton Crown Hotel|claytoncrown
Clayton Hotel Chiswick|claytonchiswick
Coach & Horses Hotel|
Cock Inn|CockInnRingmer
Cock Tavern|CockTavern
Comedor Grill and Bar|ComedorGrillBar
COMO Metropolitan London|metlondon
COMO The Halkin, London|AmetsaArzak
Core Bar|CoreBarLondon
Courthouse Hotel|HotelCourthouse
Cricketers|
Dalla Terra|DallaTerra
Dalston Superstore|dsuperstore
Dama de Elche|
Diamonds & Strings Strip Club & Bar|DiamondsStrings
Drapers Bar & Kitchen|
Duke of Wellington|TheDukeOfWelly
Duke Of Wellington|TheDukeOfWelly
Dukes Head Inn|TheDukesHeadInn
Earl Haig|earlhaigbexley
Eat 17|EAT_17
Epping Upper Clapton Rugby Football Club|EppingUCRFC
ERIKI|ERIKI_LONDON
Essenza Ristorante italiano|Essenza_LND
Every Hotel Piccadilly|
Fiskardo Restaurant|Fiskardo
Forest Gate|SaveForestGate
Forester|
Foresters Arms|ForestersHD9
Forge|PondsForge
Forman's|FormansLondon
Four Seasons|FourSeasons
Four Seasons Hotel London at Park Lane|FSLondon
Franco Manca|FrancoMancaPizz
Funky Brownz|funkybrownzpr
George's Fish & Souvlaki Bar|
Goodenough Club|GoodenoughClub
Goodman|petersgoodman
Goodman|petersgoodman
Grange Blooms Hotel|grangeparkopera
Grange Holborn Hotel|grangeparkopera
Grange Langham Court Hotel|grangeparkopera
Grange Strathmore Hotel|grangeparkopera
Grange Tower Bridge Hotel|GrangeTowerApts
Grange White Hall Hotel|RayWhite_Grange
Grove Hill Hotel|CombeGroveBath
Hawksmoor Spitalfields|EdinaHawksmoor
High Road House|TheBolloHouse
Hilton London Metropole|HiltonLondonMet
Holiday Inn London - Heathrow Ariel|
Holiday Inn London - Heathrow M4,Jct.4|
Holiday Inn London - Kensington Forum|HILonKensington
Holiday Inn London - Regent's Park|HIRegentsPark
Holiday Inn London Bloomsbury|
Holiday Inn London Brent Cross|
Holiday Inn London Mayfair|
Hotel ibis London Blackfriars|
Hotel ibis London City|
Hotel ibis London Euston St Pancras|
Hotel Novotel London Paddington|
Hudson Bay|hudsonsbay
Innkeeper's Lodge Hornchurch|InnkeepersLodge
Iroha|iroha_1204
Itsu|ItsuOfficial
Jackson's|DrJacksonUK
Kanaloa|kanaloaclub
Kew Gardens Hotel|kewgardenshotel
King Edward VII|KEVIIHospital
King Of Kings|KingsCollegeLon
King Solomon Hotel|kingsolomonhote
King's Oak Hotel|kingsoakacademy
Kona Kai|konakaibar
Kosho|koshobar
Kosmopol|Kosmopol
La Face|LaFotoDelFace
La Trompette|LaTrompetteUk
Launceston Place|LauncestonPlace
Lizard Lounge|LIZARDLOUNGE1
Lomito Northwood|LomitoNorthwood
London Marriott Hotel Twickenham|LondonParkLane
London Marriott Hotel West India Quay|MarriottWIQ
Luxe Essex|Luxe_Interiors
Mabel's Bar & Kitchen|parqueburity
Made Bar and Kitchen|parkkitchenldn
Maggie Jones's|EmmaMaggieB
Mahiki|
Malmaison London|TheLondonMal
Mamma mia cucina|Lamiacucinaross
Mandarin Bar|MandarinBarHous
Mango Indian|
Mantra|MantraPlace
Master Robert Hotel|MasterrobertUK
Matchbox|MatchboxFilms
ME London|MELondonHotel
Mecca Bingo|
Middlesex Arms|TheMiddxArms
Miller & Carter Chigwell|MillerandCarter
Miller & Carter Newbury Park|MillerandCarter
Mirage|
Monkhams|Monkhamspub
Moore Spice (1966) Indian Restaurants Wembley|NMoore_
Mooro's|MoorosMoonshine
Myllet Arms - Fayre & Square|
Namaste Lounge|namastelounge
New Globe Hotel|GlobeHQ
Nordic Bar|NordicBar
Old Oak Tree Inn|
One The Avenue|OneNorthAvenue
O'Neill's|
Osteria Basilico|
Palmers Lodge Hillspring|PalmersLodges
Palmers Lodge Swiss Cottage|PalmersLodges
Pierino Pizza Pasta|PierinoLondon
Plateau|plateaulondon
Plough|painesplough
Plough and Harrow|PloughHarrow1
Portobello House|PortobelloHouse
Portobello Star|Portobello_Star
Proud Cabaret|
Proud Camden|
Pub On The Park|Pubonthepark
PubLove @ the Steam Engine|
Purl London|RUBIcocktailbar
Quality Hotel London|MontaguLondon
Queen Elizabeth|southbankcentre
Queen Of Hoxton|
Queen Victoria|UKQueenVictoria
Radisson Blu Edwardian Berkshire|
Radisson Blu Edwardian Grafton|
Radisson Blu Edwardian Sussex|
Radisson Blu Edwardian, Kenilworth|RBEhotels
Radisson Blu Edwardian, Vanderbilt|RBEhotels
Railway Hotel - Flaming Grill|TheRailwayHotel
Red Cow Pub|RedCowPub
Reflex|reflex
Rehab Bar & Club|
Reids|
Revolution|
Rileys Sports Bar|rileys_victoria
Rocket Restaurant|
Rosso Restaurant|RossoRestaurant
Royal Garden Hotel|royalgdnhotel
Ruby's Restaurant & Bar|RubysRestaurant
Rumba|
Ruskin|AngliaRuskin
Rydges Kensington London|rydgeslondon
Sake no hana|sakenohana
Salsa!|
Salt Bar|SaltPointBar
Sambuca|SambucaGroup
Sanctum Soho Hotel|
Shark|
Sheesh Restaurant|sheeshmahallds
Simmons Bar | King's Cross|SimmonsLondon
Simpsons Tavern|SimpsonsTavern
So Bar|SoBarRichmond
Sofitel London St James|AfternoonTeas
Southern Cross - Flaming Grill|SouthernCrossTr
Spotlight Disco|Spotlight_disco
St. Margarets|
STAGE 3|stage3systems
Star Lounge|StarTapesLounge
Station House|StationHouseDHM
Strawberry Moons|
Strongroom Bar & Kitchen|StrongroomBar
Sun Inn|
Sway Bar|SwayBarLondon
Sync Bar|SyncBar
T.G.I. Friday's|
Tamingo - Arista Bar|
The Albion|
The Alma|Innthealma
The Anglesea Arms|
The Approach Tavern|approachtavern
The Athenaeum Hotel & Residences|TheAthenaeum
The Bailey’s Hotel London|TheXFactorUSA
The Bar With No Name|BarWith_No_Name
The Barking Dog|
The Beacon Tree|BeaconTheatre
The Black Lion|TheBlackLion
The Blue Boar|TheBlueBoarInn
The Boathouse|
The Book Club|
The Botanist|thebotanistuk
The Brewers Inn|CroglinVampire
The Brewery Tap|The_Brewery_Tap
The Brickyard Bar & Grill|brickyard_bill
The Bridge Hotel|
The Bull|
The Castle|thedublincastle
The Castle|thedublincastle
The Castle E17|TheCastleE17
The Churchill Arms|
The Clerk and Well|TheClerkAndWell
The Continental Hotel|CCLKensington
The Coy Carp|coy_carp
The Crooked Billet|crookedbillet1
The Crown|TheCrownEstate
The Crown|TheCrownEstate
The Cuckfield|
The Cumberland - A Guoman Hotel|CumberlandE13
The Dalston Jazz Bar|Dalston_JazzBar
The Dolphin|TheDolphinPR
The Dove|
The Drayton Court hotel|TheDraytonCourt
The Duck in the Pond|DuckPondJIX
The Duke - E17|duke_e17
The Eagle|TheSPEagle
The Eagle|TheSPEagle
The Eagle|TheSPEagle
The Egerton House Hotel|TheEgerton
The Elbow Room|ElbowRoomBris
The Elysian Restaurant|
The Finsbury|TheOldFinsbury
The Fishermans Arms|TheFishermans_
The Flask|
The Forest Gate Inn|SaveOldSpDog
The Fountain|TheFountainGall
The Fountain|TheFountainGall
The Fox & Goose Hotel|thefoxandgoose
The Fox At Excel|TheFoxatLyng
The Fox Craft Beer House|
The Gardens|
The Gate|TheGateLondon
The Gate|TheGateLondon
The George|GeorgeThePoet
The George and Dragon|
The Globe|The_Globe
The Globe|The_Globe
The Globe|The_Globe
The Good Earth|
The Grand At Trafalgar Square|TheGrandatTS
The Great Western|
The Green Man|theGreenManblog
The Green Man Hotel|TheGreenManPub
The Greyhound Pub|The_Greyhound
The Grill at The Dorchester|TheGrillAtMacys
The Grosvenor Hotel|
The Gun|
The Hand & Flower|HandFlowerW14
The Holly Bush|TheHollyBushPub
The Hollybush|
The Horseshoes|The_Horseshoes
The Jugged Hare|thejuggedhare
The Junction|Up_the_Junction
The King William Hotel|thekingwilliam
The Kings Head|
The Ladbroke Arms|LadbrokeArms
The Lane|
The Lane Bar|
The Lexington|thelexington
The Lodge Tavern|
The Lord Stanley|
The Mad Hatter Hotel|MadHatterHotel
The Malt House|106TheMaltHouse
The May Fair|TheMayFairHotel
The Millers Well|MillersWell_JDW
The Moon Under Water|Moon_UnderWater
The Nags Head|theNAGS_HEAD
The Nightingale|
The North London Tavern|PlayPlaywrights
The North Star|
The North Star|
The Old Orchard|The_OldOrchard
The Old Ship|TheOldShip_
The Old Shoreditch Station|oldshoreditch
The Orange Tree|TheOrangeTree
The Owl|
The Owl & Pussycat|TheOwlPussycat
The Owl & The Pussycat|TheOwlPussycat
The Parlour Bar|The_Parlour_Bar
The Pilot|TonyThePilot_
The Plume of Feathers|popupattheplume
The Poplar Kitten|ThePoplarKitten
The Pride Of Paddington|Pridepaddington
The Prince Of Wales|
The Princess of Shoreditch|sambryantchef
The Queens Arms|
The Raglan Hotel|
The Railway Tavern|
The Rainbow & Dove|doverainbow
The Red Lion|TheRedLionW5
The Red Lion Hotel|TheRedLionHotel
The Regency Club|TheRegencyClub
The Royal Oak|royaloaklondon
The Ruskin Arms Pub & Hotel|TheRuskinArms
The Ship|TheLastShipTNT
The Ship Inn|
THE SHOP NW10|TheBodyShopUK
The Shoreditch|TheHoxtonLDN
The Slug And Lettuce|SlugandLettuce
The Social|TheSocialInvest
The Speak Easy Bar|LuggageRoom
The Stag|
The Stag|
The Sterling|
The Sun|
The Sun Public House|TheArboretum
The Swan Inn|
The Three Compasses|the3_compasses
The Three Hammers|TheThreeHammers
The Three Jolly Wheelers|JollyHog
The Tokenhouse|The_Tokenhouse
The Tollgate|
The Tommyfield|Tommyfieldyyc
The Torch|RightTheTorch
The Tower Hotel|
The Two Brewers|
The Valentine|TheCatValentine
The Vault Champagne & Wine Bar|
The Victoria|
The Victoria Tavern|RoseVillaTavern
The Village Kitchen|thehalekitchen
The Walnut Tree|TheWalnutTree
The WatersEdge Bar and Restaurant|WatersEdgeRnB
The Wellington Hotel|thepartyhotel1
The White Bear|
The William Aylmer|the_aylmer
The Windmill|
The Windsor Castle|windsorcastle27
The Wishing Well|thewishingwell9
The Wishing Well|thewishingwell9
The Woodbine Inn|WoodbineInn
The Woodman|
The Z Hotels Victoria|thezhotels
Thistle Euston Hotel|Thistle_Euston
Tommy Tucker|ttuckerwwl
Topgolf Chigwell|TopgolfUK
Trailer Happiness|TrailerH
Travellers Friend|travellersfrien
Twisted Monkey|TwistedMonkey46
Under the Bridge|
Visage|VintageVisage
Watford Town and Country Club|bestofwatford
Wenlock Arms|
Wheatsheaf|Wheatsheaf_Bath
William IV|williamIVLondon
Yates's|
Ye Olde Black Bull|YeOldeBlackBear
Ye Olde Rose & Crown|YeOlde17Comedy
Yi-Ban|BanMinTukYi
Zigfrid von Underbelly|LondonTapJam
Zoo Bar & Club|ZooBarLiverpool
Dorsett Shepherds Bush, London|DorsettLondon
The Football Academy Ltd|thought_academy
CycleLab & JuiceBar|CycleLabUK
Micycle|micycle
Books For Cooks|Booksforcooks
Saklatvala Hall|
All Star Lanes|allstarlanes
All Star Lanes|allstarlanes
All Star Lanes Westfield Stratford City|allstarlanes
D & F Party Limited|
Lava Lanes|LavaLanes01
Namco Funscape|FunscapeLondon
Tenpin Acton|
@smoothies|SavseSmoothies
Abbey Point Cafe and B&B|AbbeyPointCafe
Abridge Cafe + Deli|abridgemedia
Ace Cafe London|acecafelondon
Al Panini Cafe|
Al Sultan Restaurant & Cafe|AlSultanRestaur
Albion|Albion_London
Allpress Espresso Bar|AllpressDalston
Amorino|AmorinoUK
Amouage|
Apollo Cafe|
Apostrophe|Apostrophe_UK
Apostrophe|Apostrophe_UK
Arabic Courses|Arabic_Courses
Art 4 Fun|Art4FunCafe
Avo Hotel, Dalston|AvoHotelDalston
Barracuda|
Basrah Lounge|BasrahLounge
BB's Coffee and Muffins|bbsCoffeeCo
Bedford Hotel|Bedford_Hotel
Belgique|
Belgique Cafe and Patisserie in Chingford|CafeBelgique
Belgique Cafe and Patisserie in Epping|CafeBelgique
Belgique Cafe and Patisserie in Loughton|CafeBelgique
Belgique Cafe and Patisserie in South Woodford|CafeBelgique
Belgique Cafe and Patisserie in Theydon Bois|CafeBelgique
Belgique Cafe and Patisserie in Woodford Green|CafeBelgique
Bengal Spice|BengalSpiceCury
Benugo|benugo
Benugo|benugo
Betty Blythe|
Billams Sandwich Bar Cafe|Billams
Bites|BaggersBites
Black Cat Cafe|blackcatcafecam
Blue River Cafe|RiverBlueCafe
Blue Zenzer Cafe Bar Restaurant|
Bluebird Chelsea|bluebirdchelsea
Bom Pecado|
Brasserie Zédel|
Bunters Restaurant|
Butlers Retreat|Butlers_Arms
Café 1001|
Cafe Anglais|LeCafeAnglais
Cafe At 48|cafeatallsaints
Cafe Creperie|
Cafe Elite|caferacerelite
Cafe Grove|
Cafe La Divina|CafeLaDivina
Cafe Mio|AmoreMio_Cafe
Cafe On The Lane|CafeOnTheLane1
Cafe OTO|Cafeoto
Cafe Phillies|cafe_phillies
Cafe Plum|PlumHillCafe
Cafe Rouge|
Cafe Rouge|
Cafe Rouge|
Cafe Rouge|
Cafe Rouge|
Cafe Tarte|cafetarteuk
CAFE VIVALDI|
Cafelicious|_cafelicious
Caffè Nero|
Caffè Nero|
Caffè Nero|
Caffè Nero|
Caffè Nero|
Caffè Nero|
Caffè Nero|
Caffè Nero|
Caffè Nero|
Caffe Caldesi|CaffeCaldesi
Caffe Nero|steveyounguk
Cakes & Shakes|
Camden Garden Centre|camdengardencen
Canteen Caffe|uniongroupjkt
Caravan King's Cross|
CARLTON LONDON CAFE|carltonlondonc1
CHICCHI|
Choccywoccydoodah London Shop|choccywoccyshop
Claridge's|
Climpson and Sons Cafe|lever_and_bloom
Coffee Cup|
Coffee Republic|CoffeeRepublic
Comedy Cafe|
Costa|CostaCoffee
Costa|CostaCoffee
Costa|CostaCoffee
Costa|CostaCoffee
Costa|CostaCoffee
Costa|CostaCoffee
Costa|CostaCoffee
Costa|CostaCoffee
Costa|CostaCoffee
Costa|CostaCoffee
Costa Coffee|CostaCoffee
Costa Coffee|CostaCoffee
Costa Coffee|CostaCoffee
Costa Coffee|CostaCoffee
Costa Coffee|CostaCoffee
Costa Coffee|CostaCoffee
Costa Coffee|CostaCoffee
Costa Coffee|CostaCoffee
Costa Coffee|CostaCoffee
Costa Coffee|CostaCoffee
Costa Coffee|CostaCoffee
Costa Coffee|CostaCoffee
Costa Coffee|CostaCoffee
Costa Coffee|CostaCoffee
Costa Coffee|CostaCoffee
Costa Coffee|CostaCoffee
Costa Coffee|CostaCoffee
Costa Coffee|CostaCoffee
Costa Coffee|CostaCoffee
Costa Coffee|CostaCoffee
Costa Coffee|CostaCoffee
Costa Coffee|CostaCoffee
Costa Coffee|CostaCoffee
Costa Coffee|CostaCoffee
Costa Coffee|CostaCoffee
Costa Coffee|CostaCoffee
Costa Coffee|CostaCoffee
Costa Coffee|CostaCoffee
Costa Coffee|CostaCoffee
Costa Coffee|CostaCoffee
Costa Coffee|CostaCoffee
Costa Coffee|CostaCoffee
Costa Coffee|CostaCoffee
Costa Coffee|CostaCoffee
Costa Coffee|CostaCoffee
Costa Coffee|CostaCoffee
Costa Coffee|CostaCoffee
Costa Coffee Buckhurst Hill|CostaCoffee
County Hotel|countyhotelnewc
CRATE Brewery & Pizzeria|CrateBrewery
Creams Southall|
Creative Biscuit|creativebiscuit
Crystal Cafe|
Dada Cafe|
Daisy's in the Park|daisysinthepark
Danlee Catering|danlee2882
Dannys Pie & Mash|DannysTomato
Daylesford Notting Hill, W11|
Delisserie|
Department of Coffee and Social Affairs|DeptOfCoffee
Dishoom|Dishoom
Dom's Place|Domsplace199
E5 Bakehouse|e5bakehouse
EAT|JustEatUK
EAT - Canary Wharf|EatCanaryWharf
EAT - St Mary Axe|eat_4
Embankment Cafe|
Epsilon Hotel|EpsilonHotel
Esquires Coffee|Esquires_Coffee
Esquires Coffee Houses Harlow|Esquires_Coffee
Ffiona's|FfionasNotes
Flynn's Bar & Diner Ealing|flynnsbar63
Fratelli Deli Cafe|FratelliCamisa
Fred and Dougs|BazAndFred
Freshwaters|
Friends Coffee House|
GAIL's Artisan Bakery|
Gana Cafe|
Gelato Mio|GelatoMioUK
Gerry's Kitchen|Gerrys_Kitchen
Green Owl Cafe and Deli Buckhurst Hill|GreenOwlHoot
H R Higgins (Coffee-Man) Ltd|r_higgins4
Happy Grow Garden Centre|HappyGardenGrow
Harris + Hoole|HarrisAndHoole
Hazev Canary Wharf|HAZEVrestaurant
Hornbeam Community Cafe & Environment Centre|HornbeamUK
Indulge|
Iver Flowerland Garden Centre|IverFlowerland
Jenny's|
Johnston's|
K T Colombo Taste|DJSKT
Kavah|
Ken's Cafe|
Kenton Lane Café|
Kitchen & Pantry|GerrysKitchen
Kwik-IT Catering|weloveframing
Lancaster Hall Hotel|lancasterhall
Latchett Evangelical Church|Latchett
Latton Coffee Stop|AlagovLatton
Le Délice|
Lemongrass Kitchen|LemongrassKtchn
LEON|leonrestaurants
L'Escargot Restaurant|LEscargotSoho
Log Cabin|logcabinbreaks
Londek Cafe|londek_co
London Lodge Hotel|londonlodge
London Street Brasserie|StreetArtLondon
Look mum no hands!|
Lowry & Baker|
Manicomio Gutter Lane|
Manon Cafe|MANONcafeLondon
Mario's Cafe|
Market Cafe|
Mediterranean Cafe & Sandwich Bar|adamscafe
Meds|MHRAmedicines
Millfield Arts Centre|The_Millfield
Miss Ellie's Subs - Barking Station|MissElliesAntiq
Moiety Lounge|MoietyLounge
Molens Cafe and Brasserie|MolensCafe
Momtaz Shisha Cafe|MomtazShisha
Monmouth|
Moroccan Gardens|MBazaarUK
Morrisons|Morrisons
Morrisons|Morrisons
Morrisons|Morrisons
Morrisons|Morrisons
Morrisons|Morrisons
Morty & Bob's|MortyandBobs
Myddelton House Gardens|myddelton
New Market Cafe|NewMarketCafe
Newens The Original Maids of Honour|ChasTheBoat
Nordic Bakery|nordicbakery
ObicÃ|ObicaUK
OKO Shisha Lounge|zenaoko
Orange Tree Pub & Kitchen - Romford|OrangeTreePub
P & H Pancakehouse|PHPancakehouse
Papas Cappuccino Bar|
Paper Dress Vintage|paperdressed
Park Lounge|TheParkLounge
Parlour|
Patisserie Valerie|valeriecafe
Patisserie Valerie|valeriecafe
Patisserie Valerie|valeriecafe
Patisserie Valerie|valeriecafe
Pembroke Lodge|Pembroke_Lodge
Peppercorn|
Phillers Sandwich Bar|Phillersharlow
Piccola Italia Ealing|PiccolaItaliaUK
Pie|
Pinks Cafe Bar|
Pinto Thai Kitchen|
Planet Organic|planetorganicuk
Popiandy's Cafe Restauarnt|Popiandys
Popins Restaurant|
Poppy's Cafe|
Pret A Manger|pretamangeruk
PROFESSIONAL UK LTD|FixationUKLtd
Provender Cafe Bistro|ProvenderDeli
PUMPKIN CAFE|
Rainforest Cafe|RainforestCafe
Red Lounge|redloungeshisha
Red Onion Cafe|
Rose Hill Cafe|RoseHillSNT
Rowans|rowansbowling
Royal Court Bar&Kitchen|royalcourt
Royal National Hotel|
Royal Oak|CityofRoyalOak
San Marino Coffee|
Scandinavian Kitchen|Scanditwitchen
Scoffs Sandwich Bar|SassysScoffs
Simply Scrumptious|fountain_uk
Smith's Garden Centre|SmithsNurseries
Smollensky's|SmollenskysRest
Snakes & Ladders|
Snowflake Luxury Gelato|snowflakegelato
Soho Joe|sohojoeuk
Soul Stop Cafe|soulstopcafe
south park cafe|SouthParkCafe1
Squires Cafe & African Restaurant|squirescafe
Squires Garden Centre|Village_Larder
Sri Nam|
St John's Smith Square|StJohnsSmithSq
Staples Cafe|DannyStaples
Starbucks|StarbucksUK
Starbucks|StarbucksUK
Starbucks|StarbucksUK
Starbucks|StarbucksUK
Starbucks|StarbucksUK
Starbucks|StarbucksUK
Starbucks|StarbucksUK
Starbucks|StarbucksUK
Starbucks|StarbucksUK
Starbucks|StarbucksUK
Starbucks|StarbucksUK
Starbucks Coffee|
Starbucks Coffee|
Starbucks Coffee|
Starbucks Coffee|
Starbucks Coffee|
Starbucks Coffee|
Starbucks Coffee|
Starbucks Coffee|
Starbucks Coffee|
Starbucks Coffee|
Starbucks Coffee|
Station Cafe|BecStationCafe
Steve's Breakfast Box|metroradiouk
Sudbury Cafe|cafepetitgateau
Sugar Mill Desserts|sugarmillsmell
Sunshine Cafe|SunshineCafeBS
Take a Break|takeabreakmag
TAP Coffee No.114|CoffeeTapCafe
Tasty Bolle Cafe|TastyPotatoes
Taylor St Baristas|LondonArtReview
Taylor St Baristas|LondonArtReview
Teas Me|
Tesco Cafe|tescocafePB
Thames Innovation Centre|ThamesInnovate
The Atrium Woodford|atriumwoodford
The Bermondsey Square Hotel|B2Hotel
The Blue Rooms Cafe|
The Breakfast Club|
The Breakfast Club|
The Buffalo|
The Bungalow Cafe|ITBMesaAZ
The Canteen Cafe|BAM_BA_LAN
The Capital Hotel|KTatTheCapital
The Chocolate Room|thechocoroom
The Coffee Shop|
The Coffeelink|thecoffeelink
The Craft Cabin E4|TheCraftCabinE4
The Dolls House On The Hill|TheDollsHouseX
The Don Restaurant|TheDonLondon
The Gallery Cafe|The_GalleryCafe
The Garden Community Cafe|AlohaCafeSCI
The Larder at Butlers Retreat|thegreeklarder
The Larder Wanstead|theworldslarder
The Market Tavern|MarketTavernFC
The Merchant Tea & Coffee Co|TeaMerchant
The Mount Street Deli|MountStreetDeli
The National Archives|UkNatArchives
The Orange Couch|theorangecouch
The Orangery at Kew Gardens|OrangeryThe
The Orangery Restaurant|TheOrangery
The Pantry|thestreetpantry
The Pantry Cafe|TheFrenchPantry
The Pink Simba|ThePinkSimba
THE QUEENS ROOMS Grill / Cafe/ Wine Bar|queensrooms
The Slug And Lettuce|SlugandLettuce
The Squadron|RGsquadron
The Table Café|__atthetable__
The Union Bar & Grill|
The V&A Cafe|cafenutrimania
The Verde Cafe|verdefarmmarket
The View Tube|theviewtube
The Wallace Restaurant|TheShaunWallace
The Wolseley|TheWolseley
Titanic Cafe|
Todd Sloane|toddsloaneshop
Tooty Fruity Ltd|
Tricostar|Tricostar
Twist Dessert Lounge|SweetKarma_UK
USSR|
Vine|
Volunteer|LSEVolunteering
Vortex Downstairs|
Wild Bean Café|
Wild Bean Cafe|WildBeanSA
Wild Food Cafe|WildFoodCafe
Will To Win|Will2WinTennis
Will to Win Regents Park Tennis Centre|Will2WinTennis
Wilton Way Cafe|WiltonWayCafe
Wilton's Music Hall|WiltonMusicHall
Wings Café|WingsforLifeUK
Wonder Cafe & Grill|WonderCafe1
Workshop Coffee|WorkshopCoffee
Yumchaa Soho|Yumchaa
Agora Amusements|
Alberico At Aspinalls|Albericoyes
Alex Poker|
Aspers Casino|
Big Gains No Pains Ltd|
Caesars Entertainment UK|
Cardsharp Casino|
Cashino|
Cashino|
Casino|
Casino Cosmic|
Casino Knight|casinoknightuk
casino Richess|
Casino Whale|
City Slots|
City Slots|
Connoisseur Club|ClubConnoisseur
Crown Aspinalls|
Crystal Casino London|
Empire Casino|CasinoEmpireUK
Family Leisure|
Family Leisure Ltd|
First Class Fun Casino Events|FirstClassSail
Gala Casino|GalaCasinocom
Gala Coral Group|
Gaming Realms PLC|
Gamtec International Ltd|
Genting Casino Chinatown London|GentingClubBPL
Genting Casino Cromwell Mint|GentingClubBPL
Genting The Colony Club|GentingArena
Grosvenor Casino Golden Horseshoe London|GCFunCasino
Grosvenor Casino Piccadilly London|GCPiccadilly
Grosvenor Casino Russell Square, London|GCFunCasino
Grosvenor Casino St Giles|GCBhamHillSt
Grosvenor Casino The Barracuda London|GCFunCasino
Grosvenor Casino The Gloucester London|GCFunCasino
Grosvenor Casino The Victoria London|GCFunCasino
Grosvenor Casinos|GCFunCasino
John Boys Place|
Leftfield Digital Ltd|aagdigital
Les Ambassadeurs Casino|LesAclub
Live Roulette|liverouletteuk
Lola's Underground Casino|lolascupcakes
London Clubs International|DjAceOfClubs
Maxims Casino Club|MaximsCasino
Napoleons|NapoleonsWife
Napoleons Casino Leicester Square|NapsLondon
New Online Casino Ltd|newlondoncasino
Omanpx|omanpx
Palace Amusements|palaceamusement
Park Lane Club London|NOLIMITE75
Play 2 Win|
Play 2 Win|
Playboy Club London|PlayboyClubLDN
Quicksilver|QuicksilverUK
Quicksilver|QuicksilverUK
Quicksilver|QuicksilverUK
Quicksilver|QuicksilverUK
Quicksilver|QuicksilverUK
Quicksilver|QuicksilverUK
Quicksilver|QuicksilverUK
Quicksilver|QuicksilverUK
Quicksilver|QuicksilverUK
Quicksilver|QuicksilverUK
Quicksilver|QuicksilverUK
Quicksilver|QuicksilverUK
Quicksilver|QuicksilverUK
Quicksilver|QuicksilverUK
Quicksilver|QuicksilverUK
Quicksilver|QuicksilverUK
Quicksilver|QuicksilverUK
Quicksilver|QuicksilverUK
Quicksilver|QuicksilverUK
Quicksilver|QuicksilverUK
Quicksilver|QuicksilverUK
Reels Casino Slots|CasinoReels
Silvertime Casino|silvertimeuk
Silvertime Casino|silvertimeuk
Smart Live Casino|SmartLiveGaming
Smokin Aces|SmokinAcesUK
Sportsman Casino|SportsmanCasino
Supercasino.com|supercasino_com
TCSJOHNHUXLEY Europe Ltd|TCSJH_Gaming
The Casino Experience|TheLittleCasino
The Clermont Club|bboxdiscotheque
The Clermont Club|bboxdiscotheque
The Hippodrome Casino London|
The Poker Room|ThePokerRoomUK
The Ritz Club|TheRitzClub
UK expekt.com|
Oasis Church|
Saint Marks Church & Community Centre|StMarksRegents
Food City|FoodPolicyCity
Bodgers of Ilford|BodgersIlford
Karaoke Mic|
Heal's|
The Peanut Vendor|ThePeanutVendor
Asda|Georgeatasda
Asda|Georgeatasda
Asda Beckton Superstore|Georgeatasda
Asda Dagenham Superstore|AsdaDagenham
Asda Isle of Dogs Superstore|asdaisleofdogs
Asda Leyton Mills Superstore|Georgeatasda
Asda Superstore|Georgeatasda
BP|
Morrisons|Morrisons
Morrisons|Morrisons
Morrisons|Morrisons
Morrisons|Morrisons
Tesco Extra|
Tesco Superstore|NotoTescoExtra
Richardson Stocktaking|
Conrad London St. James|ConradLondonSJ
Creation Dance Head Offfice|Redheadagency
Heathrow Hotel Bath Road|
Hotel Mercure London Bridge|MERCURE_BLOOMS
Hotel Novotel London Blackfriars|
Hotel Novotel London Tower Bridge|
Hotel Novotel London Waterloo|
Hotel Pullman London St Pancras|
International Hotel|
LDG Fitness Centre|LDGfitnessgym
London Bridge Hotel|LondBridgeHotel
London Marriott Hotel Marble Arch|LondonParkLane
Third Space Canary Wharf|antsthirdspace
The Artworks Elephant|theathenianuk
Asda Living|AsdaLivingPboro
Norpar Flowers|norparbarns
Botwell Green Library|BotwellGreen
Aloft London Excel|AloftLondon
Blakes Hotel|BlakesHotel
Boston Manor Hotel|BostonManorHotl
Bvlgari Hotel London|Bvlgari
Danubius Hotel Regents Park|danubiuslondon
Devonshire Hotel|DevonshireHotel
DoubleTree by Hilton Hotel London - Marble Arch|doubletreelinc
Durrants Hotel London|Durrants_London
Grange St.Paul's Hotel|StyleAndBlow
Hendon Hall Hotel|HendonHallHotel
Hilton London Paddington|HiltonPadd
Holiday Villa Hotel|
Hotel ibis London Barking|
Hotel ibis London Docklands|
Hotel Ibis London Earl's Court|
Hotel ibis London Elstree Borehamwood|
Hotel ibis London Heathrow Airport|
Hotel ibis London Shepherds Bush|
Hotel ibis London Stratford|
Hotel ibis Styles London Excel|ibisStyles_FR
Hotel ibis Styles London Southwark Rose|ibisStyles_FR
Hotel Mercure|MercureGWHotel
Hotel Mercure London Paddington|MercurePadding
Hotel Novotel London City South|
Hotel Novotel London Excel|
Hotel Novotel London Greenwich|
Hotel Novotel London West|
Ibis|
ibis Hotel London Wembley|
Kings Cross Inn Hotel|BTPKingsCross
Le Méridien Piccadilly|
London Marriott Hotel County Hall|LondonParkLane
London Marriott Hotel Grosvenor Square|LondonParkLane
London Marriott Hotel Kensington|MarriottSW5
London Marriott Hotel Maida Vale|LondonParkLane
Novotel London Heathrow Airport|NovotelLonWest
Park Plaza Riverbank London|pplazariverbank
Premier Inn|premierinn
Premier Inn|premierinn
Premier Inn Barking|premierinn
Premier Inn Chingford|premierinn
Premier Inn Hayes Heathrow|premierinn
Premier Inn Heathrow Airport Bath Road|PIHeathrow
Premier Inn Heathrow Airport M4 J4|PIHeathrow
Premier Inn London Angel Islington|ThamesideInn
Premier Inn London Beckton|ThamesideInn
Premier Inn London Blackfriars|ThamesideInn
Premier Inn London City Old Street|ThamesideInn
Premier Inn London City Tower Hill|ThamesideInn
Premier Inn London County Hall|ThamesideInn
Premier Inn London Docklands ExCeL|ThamesideInn
Premier Inn London Ealing|ThamesideInn
Premier Inn London Edgware|ThamesideInn
Premier Inn London Elstree Borehamwood|ThamesideInn
Premier Inn London Enfield|ThamesideInn
Premier Inn London Euston|LondonEuston
Premier Inn London Greenford|ThamesideInn
Premier Inn London Greenwich|ThamesideInn
Premier Inn London Hammersmith Hotel|ThamesideInn
Premier Inn London Hampstead|ThamesideInn
Premier Inn London Hanger Lane|ThamesideInn
Premier Inn London Harrow|ThamesideInn
Premier Inn London Kensington Earl's Court|ThamesideInn
Premier Inn London Kensington Olympia|ThamesideInn
Premier Inn London Kew Bridge|ThamesideInn
Premier Inn London Kings Cross|ThamesideInn
Premier Inn London Leicester Square|ThamesideInn
Premier Inn London Putney Bridge|ThamesideInn
Premier Inn London Richmond|ThamesideInn
Premier Inn London Southwark Borough Market|ThamesideInn
Premier Inn London Stratford|ThamesideInn
Premier Inn London Tower Bridge|ThamesideInn
Premier Inn London Victoria Hotel|ThamesideInn
Premier Inn London Waterloo|ThamesideInn
Premier Inn London Wembley Stadium|ThamesideInn
Premier Inn Loughton Buckhurst Hill|premierinn
Premier Inn Romford Central|premierinn
Premier Inn Romford West|premierinn
Premier Inn Ruislip|premierinn
Premier Inn Waltham Abbey|premierinn
Premier Inn Watford Central|premierinn
Premier Inn Watford Croxley Green Hotel|premierinn
Radisson Blu Edwardian Bloomsbury Street Hotel|
Radisson Blu Edwardian, Mercer Street|RBEhotels
Richmond Park Hotel|Richmond_park26
Saint Georges Hotel|HotelStGeorges
Sheraton Grand London Park Lane|SheratonPLH
Sheraton Heathrow Hotel|SheratonLHR
Sheraton Skyline Hotel London Heathrow|SheratonSkyline
The Greenwich Hotel London|Devonport_House
The Montague on the Gardens|
The Petersham Hotel|ThePetersham
The Richmond Gate Hotel|throughthegate
The Rockwell|RockwellLondon
The Savoy|TheSavoyLondon
The Wesley Euston Hotel & Conference Venue|TheWesleyLondon
The Westbridge Hotel- Stratford London|TheWestbridge
Thistle Hyde Park Hotel|thistlehydepark
W London - Leicester Square|I_AMShaya
Domino's Pizza|Dominos_UK
Domino's Pizza - London - Enfield Wash|Dominos_UK
Domino's Pizza - London - Woodford Green|Dominos_UK
Gostosa|
Ni Hao Restaurant|
Pandan Thai Kitchen|PandanThai
Papa John's Pizza|PapaJohnsUK
Papa John's Pizza|PapaJohnsUK
Papa John's Pizza|PapaJohnsUK
Papa John's Pizza|PapaJohnsUK
Papa John's Pizza|PapaJohnsUK
Papa John's Pizza|PapaJohnsUK
Papa John's Pizza|PapaJohnsUK
Papa John's Pizza|PapaJohnsUK
Papa John's Pizza|PapaJohnsUK
Pizza Hut|pizzahutphils
Pizza Hut Delivery|pizzahutuk
Pizza Hut Delivery|pizzahutuk
Pizza Hut Delivery|pizzahutuk
Pizza Hut Delivery|pizzahutuk
Pizza Hut Delivery|pizzahutuk
Acha Halal Chinese|
Barracuda|
Bella Naples|Bella_Naples
Bhangra Beat|BhangraBeatUK
Brilliant Restaurant|BRILLIANTRST
Caspian's Grill House|CaspiansIsland
Catch Fish Restaurant|RestaurantCatch
China Grill|
Cod Black Opps|blackopsgameuk
Everest Lounge Ltd|EverestLoungeLt
Eye 2|
Fabs Chicken and Pizza|
Firecracker|FirecrackerFilm
Fish'n'Chick'n|FishNChickN
Flower Drum Chinese Restaurant|
Food Republic|
Fortune Inn|NewFortuneInn
Gandhis|
Garden Of India|GardenOfIndia
Hana|
Hemalaya Tandoori Restaurant|hemalaya2368
Hillside Tandoori Restaurant|
Hundred Degrees UK Ltd|HundredDegrees1
Itsu|ItsuOfficial
Jalalabad 2 Restaurant|Jalalabad2
Long Ling|
Maxim Ealing|MaximEaling
Moonlight Tandoori|
Mr Chan's|
New China|
Nicks Fish Bar|
Nonna Rosa III|nonna_rosas
Oriental Chef|OrientalMChef1
Phoenix Freight Logistics. T/A On a Mad 1|
Pret A Manger|pretamangeruk
Prezzo|Prezzo
Prezzo|Prezzo
Rajdoot|
Refill Eaterie|RefillBristol
Saffron Lounge|SaffronLounge1
Sichuan Restaurant|BarshuLondon
Spicy Basil|_SpicyBasil
Spicy Food Plus|Innjoy
Star of India|Star_Of_India
Subway|SUBWAYUKIreland
Subway|SUBWAYUKIreland
Subway|SUBWAYUKIreland
Subway|SUBWAYUKIreland
Subway|SUBWAYUKIreland
Subway|SUBWAYUKIreland
Subway|SUBWAYUKIreland
Subway|SUBWAYUKIreland
Tao Peking|PekingEnte_Taog
Tapas Bar at Whole Foods Market|COVAtapasbar
The Belgian Food Company|belgianbeerfood
The Mayfair Chippy|MayfairChippy
The Orient Noodle Bar|OrientDB
The Yellow Chilli Lounge|TheYC_TapasBar
Theydon Bois Balti House Tandoori|THEYDONBOISGOLF
White House|
Wo Fat|
Yumchi|YUMCHI1
Adelaide Delfino|
ArtHouse Crouch End|georgiou1978
BAFTA|BAFTA
Barbican Cinema 2 & 3|BarbicanCentre
Barra Hall Park Open Air Theatre|
BFI IMAX|BFI
BFI Southbank|BFIEducation
Boleyn Cinema|boleyn_cinema
Brecon House|
Brookfield Multiplex|BrookfieldSDM
Brookfield Multiplex|BrookfieldSDM
Central London|
Charing Cross Theatre|
Cine Lumiere|CineclubLumiere
Cinema Italia UK|CinemaItaliaUK
Cineworld Cinema - London Chelsea|CineHaymarket
Cineworld Cinema - London Enfield|CineHaymarket
Cineworld Cinema - London Fulham Road|CineHaymarket
Cineworld Cinema - London Haymarket|CineHaymarket
Cineworld Cinema - London Ilford|CineHaymarket
Cineworld Cinema - London Leicester Square|CineHaymarket
Cineworld Cinema - London The O2 Greenwich|CineHaymarket
Cineworld Cinema - London Wandsworth|CineHaymarket
Cineworld Cinema - London Wembley|CineWembley
Cineworld Cinema - London West India Quay|CineHaymarket
Cineworld Cinema - London Wood Green|CineHaymarket
Cineworld Cinemas - London Wembley|cineworld
Clapham Picturehouse|ClaphamPH
Close-Up Cinema|
Curzon Bloomsbury|CurzonBbury
Curzon Chelsea|CurzonChelsea
Curzon Mayfair|CurzonMayfair
Curzon Richmond|CurzonRichmond
Curzon Soho|CurzonSoho
Delfont Mackintosh Theatres|DMTWestEnd
Digital gatehouse Ltd|
Dochouse|BerthaDocHouse
Downtown Wembley|
Drive For Both|LondonIrishARFC
뮤지컬 라이온킹|delilahmusic
East 15 Technologe Dept|E15actingschool
Electric Cinema|
Electric Cinema|
Empire Cinemas Walthamstow|EmpireCinemas
Everyman Baker St|
Everyman Belsize Park|
Everyman Canary Wharf|
Everyman Cinema|Everymancinema
Everyman Maida Vale|
Everyman Muswell Hill|
Everyman Screen on the Green|
Flicksfilms|FlicksFilms
Genesis|GenesisElijah
Genesis cinema|
Greenwich Picturehouse|stoofa69
Hackney Picturehouse|
Haringey Independent Cinema|
Harlow Film Club|HarlowFilmClub
Hensley Point|BridgePointEd
Himalaya Palace Cinema|3_himalaya
I Am Here|
Imperial Cinema|imperial_cinema
InSight|SportsInsightUK
iPoo|ipoo2
Kenwood Open Air Theatre|
kits house|
Latin America Film|
Leicester Square Box Office|
Lexi Cinema|TheLexiCinema
Lol|lol_yusuke
London Film Makers' Co-Operative|
M Ikm|
Made in London|madeinlondonLF
Medicinema|
Moviemail Limited|MovieMail
Mr & Mrs|
Mr B's|
Odeon Cinema|
Odeon Cinema|
Odeon Cinema Camden|
Odeon Cinema Lee Valley|
Odeon Cinema Leicester Square|ODEONLSq
Odeon Cinema London Tottenham Court|
Odeon Cinema Putney|
Odeon Cinema Richmond|
Odeon Cinema South Woodford|
Odeon Cinema Streatham|
Odeon Cinema Surrey Quays|
Odeon Cinema Swiss Cottage|
Odeon Cinema Uxbridge|intuUxbridge
Odeon Cinema Whiteleys|
Odeon Covent Garden|BRAFFLondon
Odeon IMAX Cinema|intuUxbridge
Odeon IMAX Cinema Greenwich|intuUxbridge
Odeon Panton Street|ODEONHelp
Odeon Studio|ODEONSTUDIO
Olympic Studios|
Perrys Movies|PerrysCider
Phoenix Cinema|Phoenixcinema
Pillow Cinema Al Fresco @ Snap Productions|PillowCinema
Pinewood Cinema|
Pinewood Studios|PinewoodStudios
Premiere Cinemas|PremiereCinemas
Prince Charles Cinema|ThePCCLondon
Prince Edward Theatre|tommyldn2012
Rabota|rabotamusic
Reel Cinema|
Regent Street Cinema|RegentStCinema
Renoir Cinema|BrunswickLondon
Rich Mix Centre|RichMixLondon
Rio Cinema|
Safari|WestMidSafari
Sals Bar|
Sandra meets Ste|6ftfromtheLedge
Sands Films Studio|sandsfilmscine
Sauna International|Mesq
Seg Music|SEG_Music
Shivaji place|ShivajiShivaLaw
Shortwave Cinema|ShortwaveCinema
Showcase Cinema Wood Green|
Showcase Cinemas|ShowcaseCinemas
Silvan Ltd|
Sky Cinema|SkyCinemaUK
South Park Drive|ParkRideSA
St Alfege church hall|StAlfegeChurch
Stratford East Picturehouse|stratfordeast
Swordtail Studio|swordtailstudio
The Beck Theatre|TheRachaelBeck
The Broadway Theatre|BroadwayWorldUK
The Castle Cinema|thecastlecinema
The Gate Cinema|GateCinema
The Harrison Gastro Pub & Hotel|TheHarrisonFolk
The Institute of Light|
The Lounge|
The Nomad Cinema, Brompton Cemetery|thenomadcinema
The Prince of Greenwich|TheRoyalButler
The Prince Of Wales|
The Screen|
The Trojan|trojanrecords
Trilodge hotel ilford|trilodge
Twickenham Film Group Ltd|TwickenhamFilms
Vue|
Vue|
Vue|
Vue Cinema|
Vue Cinema|
Vue Cinema Westfield London|
Vue Cinemas|
Vue Cinemas|
Vue Cinemas|
Vue Cinemas|
Vue Cinemas|
Vue Cinemas|
Vue Entertainment|
Vue Islington|sharpeclive
Vue North Finchley|
Watermans Art Centre|
Watford Filmhouse|watford_film
Whirled Cinema|
Wills Limited|DanWillsTiser
Wired Screening Room|WiredUK
Fulham Palace|
151|EOnlineUK
212 Lounge|The212Lounge
229 The Venue|Discovery_2
23 Paul Street|23PaulStreet
93 Feet East|93FeetEast
Aarti Indian Musical Group|
Acasa|
Addictive|
Afendi NightClub & Restaurant|
Ain't Nothin But Blues Bar|AintNothinBut1
Aladdins|Aladdinsleeds
Ali baba shisha|AliBabaShisha
All Seasons Hire|AllSeasonsHire
Allsorts Karaoke, Kwizzes & Kabarets|allsortsglos
Alpha Events|alphaeventsmcr
Annabel's|
Arabelle Lounge|
Arcadia|Arcadia_Talent
Area-56 Ltd|
Arizona | Arabic Night Club|
Ash Repairs|AshsRepairs
Aura Mayfair|
Babble City|Babble_City
Barracuda Bar|BarracudaLondon
Barrio Soho|SohoBarrio
Betty Strathern Centre|BettyCrockerUK
blagclub|
Blue Plate Management Consultancy|
Bodo's Schloss|BodosSchloss
BollyParty @ Cafe Chai|BollyPartyWorld
Bosleys|BosleysWatford
Boujis|
Browns|
Buckhurst Hill Jazz Jam|BuckhurstHillLC
Bunga Bunga - Battersea|BungaBungaLDN
Caesars|caesarsrome
Café de Paris|
Capital A List|CapitalAList
Cargo|DBCargoUK
Carlton Lounge|clounge456
Casablanca Lounge|CasablancaWine
Catch|Catch22
Charlies Gentlemen's Club - London W2|CharliesBeerLog
Chelsea Arts Club|chelseaartsclub
Cheshunt Country Club|ChesCountryClub
Chinawhite|chinawhiteclub
Ciao Ciao|ciao_uk
Cip|
Circuit Essex|LEFitnessuk
Cirque le Soir|CirqueLeSoir
Citybunker|Astairejohn
Club 195|
Club Aquarium|clubaquarium
CLUB AZURE|ClubAzureLondon
Club Funky Discoteca Romaneasca|
Club JDS|
Club K|K_C_CricketClub
Club MM|OperaClubMM
Club Ramos|
Clubbing Source - Clubbing Coach Departure Point|Vegas_Clubbing
Clubs 2004|
Clubsafe|
Clubul Romanesc Masons Arms|
Confetti Digital|confettidigital
COYA Mayfair|coyamayfair
Cream|
Cricklewood Trades Hall Club & Institute Ltd|InfoCricklewood
Crown & Anchor|
Crystal Clubs|CrystalClubsWem
Custom Vapes|Custom_Vapes
D'Den Legacy|ddenlegacy
decks.co.uk|DecksCoUk
DING DONG FUN BUS|dingdongfunbus
Discoz.Com|discozdj
DJ Ryan Morris Hertfordshire|RyanPaulDJ
DOM UK|
DoubleTree by Hilton Hotel London - Tower of London|doubletreelinc
DoubleTree by Hilton Hotel London - Westminster|doubletreelinc
Drama|
Eagle London|
East London Sound & Lighting Centre|EastLondonSound
Eaton Square Bar|eatonsquarebar
Eclipse|eclipse_racing
Eddie's Disco & Karaoke Service.|EddiesChilliJam
Edward Barker|
EGG London|
Eight Moorgate|AfterEightUK
Electric Ballroom|EBallroomCamden
Electrowerkz|Electrowerkz
Embargo República|
Empire Hookah Lounge|
Enfield Entertainment (Disco and Karaoke service)|The_Millfield
EonKaraoke|EonKaraoke
Euphoriom Nightclub and Bar|Euphoriom
Everest Abercorn|TimothyEverest
Excel strip|ExCeLLondon
F X Music|
fabric|FabricGodmother
Faces Nightclub|facesnightclub
Fiction|FictionRecords
Fiction|FictionRecords
Fire Bolt|
FM Karaoke and Disco Club|karaokeking1
fortus security|fortussecurity
Fortus Security|fortussecurity
Fusion Shisha Lounge|FusionShisha
Gate|NPAS_CarrGate
Gladdy Wax Sound Systems & Dj Equipment Hire|gladdywax
Green & Jacks|
Hannahs place|hannahsplace1
Hatty's pooculiar palace|
Heart N Soul Karaoke & DJ Romford Essex|HeartnSoulArt
Heathrow Plant|
Heaven|WillHeaven
Hedonism Org UK|
HideOut London|
Hilton London Angel Islington|
Hilton London Hyde Park|
Home House London|HomeHouseLondon
HURRICANE ROOM Walthamstow|hurricaneroom
Illusions Bar & Grill|IllusionsBarW5
Intertain Ltd|9160intertain
Jalouse|JalouseClub
Jazz Café|LondonJazz
JET KARAOKE|JETKARAOKE
Jhankaar Club|
Jongleurs|
jumpup ballet & jazz dance school|JumpUpCarriages
Kamology|Kamology
Karaoke at Queens|TheGFZooKeeper
Karaoke Box Smithfield|KaraokeBoxUk
Karma Ealing|KarmaEaling
karma ealing|KarmaEaling
Kelly Bar|
Kings Lounge|kingslounge118
Kingsway Stairs|
LA Lounge|laloungeuk
Latelys Bar / Club|
Leytonstone & District Ex-Servicemens Club|E11BID
Liquid & Envy|LiquidAndEnvyUK
Liquid Nightclub|
Lucky Voice|LuckyVoiceLeeds
Luna Hornchurch|LunaHornchurch
M & D Entertainments Ltd|
Maddox Club|MaddoxClub
Make a Note Mobile Disco|
Mangle E8 Nightclub|thelaundry_E8
Mangos Wembley - Bar - Shisha - Dinner & Club|mangos_wembley
Market Place Bar|31_Market_Place
Matter Nightclub|matterlondon
Maya Hotel|
Metro Leisure Ltd|StockportMetro
Meursault|yukilogue
Ministry of Sound|ministryofsound
Minx|BookMinxSJV
Missoula|MissoulaNotts
Mobile Disco and Wedding DJ services in Essex : UK-Disco|JMFDisco
MODE|
Molton House|MoltonHouseClub
Monique Bar and Club|
Mount Bruis Ltd|mountkimbie
Mtec Enfield|mtecUK
My Salsa Fix (at the Country CLub)|
myfuzzylogic|myfuzzylogic
Nightjar|
Notting Hill Arts Club|NHAClub
Number 1 London|LondonNumber1
Number4Club|Number4Club
O2 Academy Islington|o2academy12
Oceana|
One Love Entertainment|
Ongar Photographic Club|OngarFireStn
Orleans|
Paradise by Way of Kensal Green|epiccatfood
ParkBox Ltd|
Party Knightz|UKLabour
Piccadilly Institute|PiccadillyIns
Pink Chicks|
Platinum Lace Bar & Gentlemen's Club|
Platnum Lounge|PLATNUMLOUNGE
Popstarz Parties|POPSTARZP
Posh Promotions Ltd|
Project London|
Proud2|riotinlondon
Psy|
PUBLIC|Guardianpublic
Radletts|radletts
Raffles Chelsea|RafflesChelsea
Red Lion|RedLionCromer
Reflex|reflex
Roadhouse|
Rock Night Music|
Ronnie Scott's|ronniescotts
Russells Karaoke|RussellsRandR
Sam Judd DJ Services|samjudd93
Secrets|
Seen Nightclub|
She.world|
Skating Haven (Roller Skating London)|SkatingHaven
Snooker Club|TheiSnookerClub
Solar Entertainment|HabitekUK
SophistiCats|SophistiCats_
South Harrow Sports & Social Club|HarrowWestCA
Spearmint Rhino London|spearmintlondon
Stargazer Discos, Karaoke and Disco Equipment Hire|stargazerdisco
Stringfellows|stringfellowsuk
Studio 338|studio338
SUSHISAMBA London|SUSHISAMBA_UK
Teds Place|TedsPlaceUk
The Backstreet|
the beehive|thebeehive_bar
The Black Leaf|TheBlackLeaf1
The Borderline|theborderline
The Box Soho|
The Bridge|
The Bulls Head Barnes|WayOutWestJazz
The Clapham Grand|TheGrandClapham
The Comedy Club - Oceana Watford|ComedyClubUK
The Comedy Loft|TheComedyLoftUK
The Dolphin|TheDolphinPR
The Dome|under_the_dome
The Earl of Chatham|Earl_ofChatham
The Elm|
The Fez Club|The_Fez_Club
The Half Moon|TheHalfMoonPub
The Harrow in Harrow|MindinHarrow
The Hideaway Lounge|
The Hoist|hoistuk
The Horse & Groom|thehorse_groom
The Hoxton Pony|TheHoxtonPony
The Macbeth|TheMacbeth
The Mayfair Club|TheMayfairClub
The Nest|NestUK_
The Old Blue Last|theoldbluelast
The Old Queens Head|old_queens_head
The Red Room|TheRedRoomUK
The Roxy|TheRoxyLondon
The Shanghai|
The Shed|
The Star by Hackney Downs|BacchusSundays
The Underworld|TheUnderworld
The Victoria|
The Victoria Dalston|VICTORIADALSTON
The Westbourne Studios Club|TheWestbourneUK
The Whip & Collar|CThewhip
The White Swan|
The Windmill International|Windmill_Intl
Time Café Bar Restaurant|
Tipsy Dalston|TipsyDalston
Tommy Flynn's Hounslow|Tommy_Flynns
Trinity Bar|trinity_bar
Unforgettable Discos|Unforgettable
Unique Soundz Mobile Karaoke And Disco|
United Airlines London Heathrow Terminal 2 Lounge|
United Lounge|unitedsoundsjoy
Uxbridge Folk Club|
Villa Country|
Vintage Bar|VintageBarCo
Visions Video Bar|VisionsUKVideo
Viva|vivauktv
Vortex|MindVortex
Warehouse|WarehouseUK
WAX London|
Wellington Club|WellingtonBClub
Xclusiv Nite|AutoXclusiv
XOYO|XOYO_London
Yates's|
ZanziBar Nightclub|
Roundwood Park|
The Walnut Tree|TheWalnutTree
The Wishing Well|thewishingwell9
Morrisons|Morrisons
1 Lombard Street|1LombardStreet
1901 Restaurant|
Arepa & Co|ArepaAndCo
Ask Italian|
Ask Italian|
ASK Italian|
Aspen Tree|aspentreesurguk
Bangalore Express City|BangaloreUK
Barbican Kitchen|barbicankitchen
Beboz|bebozuk
Bel-Air Food|belairfood
Bengal Spice|BengalSpiceCury
Bill's|
Bill's|
Bill's Islington Restaurant|
Bistrotheque|MissHigginsDIY
Bluebell|
Boneyard Shoreditch|Boneyard_LDN
Brown Eagle|BrownEagleUK
BunBunBun Vietnamese Food|
Cafe Bengal|CafeBengal
Cafe Brazil|CafeBrazilUK
Cafe Cafe|
Caraway Restaurant|CarawayLondon
Charlotte's Place|CharlottesPlace
Chaudhrys Buffet Restaurant|ChaudhrysBuffet
Chennai Dosa|ChennaiDosaBHX
Chennai Spice|
Club 182|
Cock & Magpie|TheCockMagpie
Cube|THECUBETV
Cyprus Meze|CyprusMezeBar
Elephant Royale|ElephantMan
Ethos|therightethos
F.Cooke|davidfcooke
Fabrica 584|Fabrica584
Food filosophy|
Food Garden Cafe|WildFoodCafe
Food House|
Food Ink Office|
Gaucho|
Glasshouse|
Godot's Bistro|godotswatch
Gourmet Burger Kitchen|gbkburgers
Grace Bar & Restaurant|GraceBarLondon
Grand Café|
Gujarati Rasoi Restaurant|GujaratiRasoi
Gymkhana|GymkhanaLondon
Harrods Food Hall|CorrigansFood
Harvester|HarvesterUK
Harvester - The Jolly Badger|JollyHarvester
Harvester Chingford|HarvesterUK
Harvester Croxley Green|HarvesterUK
Harvester The Beehive|
Harvester, The Navigation|
Hawker|
Horns & Horseshoes|
Iberica Canary Wharf|IbericaLondon
Jamie Oliver's Fifteen|
JANE-TIRA|Janetira_thai
Jungle Braai|Junglebraai
Juoda-Balta|
Just F.A.B. Food Bus in London|Just_FaB_VegIta
Kervan Sofrasi Edmonton|KervanSofrasi1
KIN|
Koshari Street|KoshariStreet
La Trevi|LaTreviSaltillo
L'Anima|LAnimacafe
Le Spice|
Leonardos|
Loch Fyne Restaurant|LochFyne_Bath
Lockside Camden|Lockside_Camden
Loughton BBQ|
Mai Food|
Marcel & Sons|
Masti - Restaurant, Bar & Nightclub|
Maxim|
McDonald's|McDonaldsUK
McDonald's|McDonaldsUK
McDonald's|McDonaldsUK
McDonald's Travellers Friend|McDonaldsUK
Menoo Eclectic Food|
Miller & Carter Epping|CarterEpping
Miller & Carter Harlow|MillerandCarter
Miller & Carter Harrow|MandCHarrow
Mint Leaves|MintLeavesUK
Mirch Masala|MirchMasalaLeic
Mui & Koko Buffet|troublekey
Murakami|
NAMA- Artisan Raw Foods|
New Culture Revolution|
Niche | Gluten-free Dining|Nichefooddrink
Novikov Restaurant & Bar|NovikovLondon
Olive Garden|OliveGardenUK
Oriental Village|orientalvillage
Original Lahori Karahi|nescafeoriginal
Oslo Hackney|OsloHackney
OXO Restaurant, Bar and Brasserie|OXO_Tower
P.S. Tattershall Castle|
Patpong Thai Restaurant|Patpong
Pepe Italian Street Food|PEPEDOROUK
Pepe's Piri Piri|piripiri115
Pepe's Piri Piri|piripiri115
Pepe's Piri Piri|piripiri115
Pepe's Piri Piri|piripiri115
PIND PUNJABI|
Pump street food market|PumpShoreditch
Quiznos Sub|
Raj Indian Restaurant|RAJPAVILION1
Restobistro|
Robin Hood|RobinHoodHalf
Rodizio Rico|RodizioRico
Rose Vegetarian Restaurant|WordInVegWays
Saay Tharn|
Sahara Grill (Ilford)|SaharaGrilluk
Salsas|
Saravanaa Bhavan|saravanaabhavan
Shabu Shabu at Whole Foods Market|ShabuKEN
Shaka Zulu|ShakaZuluLondon
Sharod|
Simple Health Kitchen|AKitchenStories
Smilte Restaurant Ltd|
Snaps & Rye|snapsandrye
Spice Rack Lounge|
Squires African Restarant|
St James Restaurant|VenetaStJames
Strada|
Street Feast Hawker House|StreetFeastLDN
Subway|SUBWAYUKIreland
Subway|SUBWAYUKIreland
Subway|SUBWAYUKIreland
Subway|SUBWAYUKIreland
Subway|SUBWAYUKIreland
Subway|SUBWAYUKIreland
Subway|SUBWAYUKIreland
Subway|SUBWAYUKIreland
Subway|SUBWAYUKIreland
Subway|SUBWAYUKIreland
Subway|SUBWAYUKIreland
Subway|SUBWAYUKIreland
Subway|SUBWAYUKIreland
Subway|SUBWAYUKIreland
Subway|SUBWAYUKIreland
Subway|SUBWAYUKIreland
SUBWAY|SUBWAYUKIreland
Tai Pan Oriental Buffet|TaipanPhuket
Tawana Thai Restaurant|TawanaThai
Tayyabs|1tayyabs
Thai Royale|
The Breakfast Club|
The Clarendon|The_Clarendon
The Colonnade Restaurant|ColonnadeLondon
The Curry Emporium|curryemporium
The Duke|
The Fox|
The Garden House|_houseandgarden
The Gate|TheGateLondon
The Grill East Ham|GrillEastHam
The King's Arms|TheKingsArmsTQ
The Last Post|
The Loop Bar|LoopbarLondon
The Modern Pantry Clerkenwell|sugarcuredprawn
The Narrow|
The Olive Tree Restaurant|The_Olive_Tree
The Park Tower Casino|ParkTowerCasino
The Pheasant Inn & Restaurant|PheasantBass
The River Café|drytheriver
The Swan|serpentswan
The Talbot|TheLukeTalbot
The Village Bar & Grill|thevillagegrill
The Village Pub|
The Vintage Restaurant|
Theydon Oak Dining & Pub|theydonoak
Thyme|Thyme_England
Tibits|tibits_uk
Toby Carvery|tobycarvery
Toby Carvery Aldenham|tobycarvery
Toby Carvery Enfield|tobycarvery
tulip foods|TulipTimePella
Two Kitchens|
Two Kitchens|
Vauxhall Street Food Garden|SW8WinterVil
Venerdi|VenerdiVenerdi
Viet Food|VietFoodLondon
Wong Kei|
Woo|stuwoo
Wood Oven|the_wood_oven
Yoe-Bo Oriental Restaurant|
Zaza|SimoneZaza
Zima Russian Street Food And Bar|ZIMA_Bar
Centro Formazione Croupier Casino Training School London|
Romford Shopping Hall|TimeLondon_
Hilton London Syon Park|HiltonSyonPark
One Aldwych Hotel|OneAldwych
Waltham Abbey Marriott Hotel|WalthamMarriott
Party Tour Guide|PartyTourGuide
